{"assets/images/doctor.png":["assets/images/doctor.png"],"assets/images/logo-white.svg":["assets/images/logo-white.svg"],"assets/images/logo.png":["assets/images/logo.png"],"assets/images/otc-guide-icon.png":["assets/images/otc-guide-icon.png"],"assets/images/personal-ht-icon.png":["assets/images/personal-ht-icon.png"],"assets/images/symptom-checker-icon.png":["assets/images/symptom-checker-icon.png"],"packages/cupertino_icons/assets/CupertinoIcons.ttf":["packages/cupertino_icons/assets/CupertinoIcons.ttf"],"packages/font_awesome_flutter/lib/fonts/fa-brands-400.ttf":["packages/font_awesome_flutter/lib/fonts/fa-brands-400.ttf"],"packages/font_awesome_flutter/lib/fonts/fa-regular-400.ttf":["packages/font_awesome_flutter/lib/fonts/fa-regular-400.ttf"],"packages/font_awesome_flutter/lib/fonts/fa-solid-900.ttf":["packages/font_awesome_flutter/lib/fonts/fa-solid-900.ttf"]}